file,people
1_288.png,0
1_311.png,0
1_328.png,0
1_363.png,0
1_429.png,0
1_470.png,0
1_559.jpg,0
0_10.png,0
0_38.png,0
0_218.png,0
0_146.png,0
0_152.png,0
0_185.png,0
0_1.png,0
0_191.png,0
0_187.png,0
0_193.png,0
0_3.png,0
0_178.png,0
0_144.png,0
0_150.png,0
0_12.png,0
0_226.png,0
0_179.png,0
0_192.png,0
0_2.png,0
0_186.png,0
0_182.png,0
0_6.png,0
0_196.png,0
0_141.png,0
0_155.png,0
0_169.png,0
0_223.png,0
0_17.png,0
0_222.png,0
0_16.png,0
1_232.png,1
1_235.png,1
1_236.png,1
1_237.png,1
1_239.png,1
1_241.png,1
1_242.png,1
1_243.png,1
1_244.png,1
1_245.png,1
1_247.png,1
1_251.png,1
1_253.png,1
1_254.png,1
1_258.png,1
1_259.png,1
1_260.png,1
1_261.png,1
1_263.png,1
1_264.png,1
1_266.png,1
1_267.png,1
1_268.png,1
1_270.png,1
1_272.png,1
1_273.png,1
1_274.png,1
1_275.png,1
1_277.png,1
1_279.png,1
1_280.png,1
1_281.png,1
1_282.png,1
1_283.png,1
1_284.png,1
1_285.png,1
1_289.png,1
1_290.png,1
1_291.png,1
1_292.png,1
1_293.png,1
1_294.png,1
1_295.png,1
1_296.png,1
1_297.png,1
1_299.png,1
1_304.png,1
1_305.png,1
1_306.png,1
1_308.png,1
1_309.png,1
1_312.png,1
1_313.png,1
1_314.png,1
1_318.png,1
1_319.png,1
1_320.png,1
1_321.png,1
1_322.png,1
1_323.png,1
1_326.png,1
1_327.png,1
1_330.png,1
1_332.png,1
1_333.png,1
1_334.png,1
1_335.png,1
1_336.png,1
1_337.png,1
1_338.png,1
1_339.png,1
1_340.png,1
1_341.png,1
1_342.png,1
1_343.png,1
1_344.png,1
1_345.png,1
1_346.png,1
1_347.png,1
1_348.png,1
1_233.png,2
1_234.png,2
1_238.png,2
1_240.png,2
1_246.png,2
1_248.png,2
1_249.png,2
1_250.png,2
1_255.png,2
1_256.png,2
1_257.png,2
1_269.png,2
1_276.png,2
1_278.png,2
1_286.png,2
1_287.png,2
1_301.png,2
1_302.png,2
1_303.png,2
1_307.png,2
1_310.png,2
1_315.png,2
1_316.png,2
1_329.png,2
1_355.png,2
1_356.png,2
1_359.png,2
1_360.png,2
1_362.png,2
1_365.png,2
1_366.png,2
1_369.png,2
1_370.png,2
1_371.png,2
1_373.png,2
1_376.png,2
1_387.png,2
1_388.png,2
1_392.png,2
1_394.png,2
1_397.png,2
1_400.png,2
1_403.png,2
1_408.png,2
1_413.png,2
1_414.png,2
1_422.png,2
1_442.png,2
1_448.png,2
1_449.png,2
1_451.png,2
1_452.png,2
1_453.png,2
1_467.png,2
1_468.png,2
1_469.png,2
1_472.png,2
1_481.png,2
1_491.png,2
1_496.png,2
1_503.png,2
1_504.png,2
1_508.jpg,2
1_516.jpg,2
1_517.jpg,2
1_522.jpg,2
1_540.jpg,2
1_544.jpg,2
1_566.jpg,2
1_569.jpg,2
PennPed00011.png,2
PennPed00017.png,2
PennPed00018.png,2
PennPed00025.png,2
PennPed00026.png,2
PennPed00028.png,2
PennPed00031.png,2
PennPed00036.png,2
PennPed00039.png,2
PennPed00042.png,2
PennPed00046.png,2
PennPed00050.png,2
PennPed00053.png,2
PennPed00056.png,2
PennPed00057.png,2
PennPed00059.png,2
PennPed00061.png,2
PennPed00063.png,2
PennPed00067.png,2
PennPed00069.png,2
PennPed00070.png,2
PennPed00072.png,2
PennPed00083.png,2
PennPed00085.png,2
PennPed00089.png,2
PennPed00095.png,2
PennPed00096.png,2
1_231.png,3
1_252.png,3
1_271.png,3
1_298.png,3
1_300.png,3
1_317.png,3
1_324.png,3
1_372.png,3
1_380.png,3
1_409.png,3
1_412.png,3
1_426.png,3
1_427.png,3
1_436.png,3
1_438.png,3
1_454.png,3
1_501.png,3
1_518.jpg,3
1_521.jpg,3
1_527.jpg,3
1_530.jpg,3
1_531.jpg,3
1_538.jpg,3
3_16.jpeg,3
3_02.jpg,3
3_31.jpeg,3
3_27.jpeg,3
3_07.jpeg,3
3_01.jpg,3
3_11.jpeg,3
3_04.jpg,3
3_10.jpeg,3
3_06.jpeg,3
3_26.jpeg,3
3_25.jpeg,3
3_09.jpeg,3
3_29.jpeg,3
3_13.jpeg,3
3_05.jpeg,3
3_12.jpeg,3
3_28.jpeg,3
3_08.jpeg,3
3_32.jpeg,3
3_24.jpeg,3
3_15.jpeg,3
3_03.jpeg,3
3_23.jpeg,3
3_19.jpeg,3
3_18.jpeg,3
3_22.jpeg,3
3_14.jpeg,3
PennPed00003.png,3
PennPed00016.png,3
PennPed00020.png,3
PennPed00021.png,3
PennPed00027.png,3
PennPed00030.png,3
PennPed00035.png,3
PennPed00047.png,3
PennPed00048.png,3
PennPed00055.png,3
PennPed00066.png,3
PennPed00073.png,3
PennPed00074.png,3
PennPed00080.png,3
PennPed00081.png,3
PennPed00084.png,3
PennPed00090.png,3
PennPed00092.png,3
1_262.png,4
1_325.png,4
1_379.png,4
1_384.png,4
1_428.png,4
1_430.png,4
4_05.jpeg,4
4_13.jpeg,4
4_29.jpeg,4
4_09.jpeg,4
4_25.jpeg,4
4_24.jpeg,4
4_08.jpeg,4
4_28.jpeg,4
4_12.jpeg,4
4_04.jpeg,4
4_19.jpeg,4
4_23.jpeg,4
4_03.jpeg,4
4_15.jpeg,4
4_14.jpeg,4
4_02.jpeg,4
4_22.jpeg,4
4_18.jpeg,4
4_21.jpeg,4
4_17.jpeg,4
4_01.jpeg,4
4_16.jpeg,4
4_20.jpeg,4
4_11.jpeg,4
4_07.jpeg,4
4_27.jpeg,4
4_26.jpeg,4
4_06.jpeg,4
4_10.jpeg,4
FudanPed00061.png,4
FudanPed00063.png,4
FudanPed00065.png,4
PennPed00008.png,4
PennPed00013.png,4
PennPed00014.png,4
PennPed00015.png,4
PennPed00029.png,4
PennPed00033.png,4
PennPed00034.png,4
PennPed00043.png,4
PennPed00044.png,4
PennPed00049.png,4
PennPed00051.png,4
PennPed00058.png,4
PennPed00068.png,4
1_265.png,5
1_331.png,5
1_352.png,5
1_440.png,5
5_28.jpeg,5
5_12.jpeg,5
5_45.jpeg,5
5_53.jpeg,5
5_04.jpeg,5
5_24.jpeg,5
5_32.jpeg,5
5_49.jpeg,5
5_08.jpeg,5
5_09.jpeg,5
5_48.jpeg,5
5_33.jpeg,5
5_25.jpeg,5
5_05.jpeg,5
5_52.jpeg,5
5_44.jpeg,5
5_13.jpeg,5
5_29.jpeg,5
5_22.jpeg,5
5_34.jpeg,5
5_18.jpeg,5
5_38.jpeg,5
5_14.jpeg,5
5_43.jpeg,5
5_55.jpeg,5
5_02.jpeg,5
5_03.jpeg,5
5_54.jpeg,5
5_42.jpeg,5
5_15.jpeg,5
5_39.jpeg,5
5_19.jpeg,5
5_35.jpeg,5
5_23.jpeg,5
5_36.jpeg,5
5_20.jpeg,5
5_41.jpeg,5
5_16.jpeg,5
5_17.jpeg,5
5_40.jpeg,5
5_01.jpeg,5
5_21.jpeg,5
5_37.jpeg,5
5_06.jpeg,5
5_51.jpeg,5
5_47.jpeg,5
5_10.jpeg,5
5_30.jpeg,5
5_26.jpeg,5
5_27.jpeg,5
5_31.jpeg,5
5_11.jpeg,5
5_46.jpeg,5
5_50.jpeg,5
5_07.jpeg,5
1_410.png,6
1_441.png,6
1_533.jpg,6
1_542.jpg,6
6_02.jpeg,6
6_14.jpeg,6
6_18.jpeg,6
6_19.jpeg,6
6_15.jpeg,6
6_03.jpeg,6
6_08.jpeg,6
6_04.jpeg,6
6_12.jpeg,6
6_13.jpeg,6
6_05.jpeg,6
6_09.jpeg,6
6_10.jpeg,6
6_06.jpeg,6
6_07.jpeg,6
6_11.jpeg,6
6_16.jpeg,6
6_20.jpeg,6
6_01.jpeg,6
6_17.jpeg,6